observed,observed_source,aqi,band,governing_pollutant,worst_station,station_mean,stations_reporting,stations_above_limit,aqi_limit,source,revisions,first_seen,last_checked
2026-09-01T00:00:00+05:30,01-09-2026 00:00:00,219,Poor,PM10,"Wazirpur, Delhi - DPCC",112,42,30,100,mirror,1,2026-08-31T19:12:26.382Z,2026-08-31T19:56:53.775Z
2026-09-01T01:00:00+05:30,01-09-2026 01:00:00,221,Poor,PM10,"Wazirpur, Delhi - DPCC",113,43,31,100,mirror,1,2026-08-31T20:12:19.123Z,2026-08-31T20:56:57.231Z
2026-09-01T02:00:00+05:30,01-09-2026 02:00:00,223,Poor,PM10,"Wazirpur, Delhi - DPCC",114,43,31,100,mirror,1,2026-08-31T21:12:31.983Z,2026-08-31T21:57:06.630Z
2026-09-01T03:00:00+05:30,01-09-2026 03:00:00,224,Poor,PM10,"Wazirpur, Delhi - DPCC",116,43,33,100,mirror,0,2026-08-31T22:12:30.940Z,2026-08-31T22:56:58.900Z
2026-09-01T04:00:00+05:30,01-09-2026 04:00:00,225,Poor,PM10,"Wazirpur, Delhi - DPCC",116,43,32,100,mirror,0,2026-08-31T23:12:11.757Z,2026-08-31T23:56:56.261Z
2026-09-01T05:00:00+05:30,01-09-2026 05:00:00,224,Poor,PM10,"Wazirpur, Delhi - DPCC",116,43,31,100,mirror,2,2026-09-01T00:16:46.279Z,2026-09-01T02:59:45.366Z
2026-09-01T09:00:00+05:30,01-09-2026 09:00:00,223,Poor,PM10,"Wazirpur, Delhi - DPCC",115,43,30,100,mirror,0,2026-09-01T03:59:05.764Z,2026-09-01T03:59:05.764Z
2026-09-01T10:00:00+05:30,01-09-2026 10:00:00,228,Poor,PM10,"Wazirpur, Delhi - DPCC",115,43,30,100,mirror,0,2026-09-01T05:19:23.946Z,2026-09-01T05:19:23.946Z
2026-09-01T11:00:00+05:30,01-09-2026 11:00:00,238,Poor,PM10,"Wazirpur, Delhi - DPCC",115,43,29,100,mirror,0,2026-09-01T06:16:41.087Z,2026-09-01T06:16:41.087Z
2026-09-01T12:00:00+05:30,01-09-2026 12:00:00,236,Poor,PM10,"Wazirpur, Delhi - DPCC",115,43,28,100,mirror,1,2026-09-01T07:03:21.114Z,2026-09-01T07:58:28.460Z
2026-09-01T13:00:00+05:30,01-09-2026 13:00:00,233,Poor,PM10,"Wazirpur, Delhi - DPCC",114,43,27,100,mirror,0,2026-09-01T08:16:41.551Z,2026-09-01T08:16:41.551Z
2026-09-01T14:00:00+05:30,01-09-2026 14:00:00,231,Poor,PM10,"Wazirpur, Delhi - DPCC",113,43,27,100,mirror,1,2026-09-01T09:17:52.692Z,2026-09-01T09:59:52.430Z
2026-09-01T15:00:00+05:30,01-09-2026 15:00:00,220,Poor,PM10,"Wazirpur, Delhi - DPCC",112,43,27,100,mirror,0,2026-09-01T10:16:40.532Z,2026-09-01T10:16:40.532Z
2026-09-01T16:00:00+05:30,01-09-2026 16:00:00,219,Poor,PM10,"Wazirpur, Delhi - DPCC",109,44,27,100,mirror,0,2026-09-01T11:16:47.358Z,2026-09-01T11:59:25.960Z
2026-09-01T17:00:00+05:30,01-09-2026 17:00:00,216,Poor,PM10,"Wazirpur, Delhi - DPCC",109,44,28,100,mirror,0,2026-09-01T12:16:42.408Z,2026-09-01T12:16:42.408Z
2026-09-01T18:00:00+05:30,01-09-2026 18:00:00,214,Poor,PM10,"Wazirpur, Delhi - DPCC",109,44,28,100,mirror,1,2026-09-01T13:02:12.218Z,2026-09-01T13:59:01.528Z
2026-09-01T19:00:00+05:30,01-09-2026 19:00:00,211,Poor,PM10,"Wazirpur, Delhi - DPCC",109,44,28,100,mirror,0,2026-09-01T14:16:40.917Z,2026-09-01T14:16:40.917Z
2026-09-01T20:00:00+05:30,01-09-2026 20:00:00,210,Poor,PM10,"Wazirpur, Delhi - DPCC",109,44,28,100,mirror,0,2026-09-01T15:16:42.438Z,2026-09-01T15:16:42.438Z
2026-09-01T21:00:00+05:30,01-09-2026 21:00:00,208,Poor,PM10,"Wazirpur, Delhi - DPCC",107,44,26,100,mirror,0,2026-09-01T16:02:13.235Z,2026-09-01T16:02:13.235Z
2026-09-01T22:00:00+05:30,01-09-2026 22:00:00,208,Poor,PM10,"Wazirpur, Delhi - DPCC",105,44,22,100,mirror,0,2026-09-01T17:16:44.788Z,2026-09-01T17:57:47.999Z
2026-09-01T23:00:00+05:30,01-09-2026 23:00:00,203,Poor,PM10,"Wazirpur, Delhi - DPCC",102,44,22,100,mirror,0,2026-09-01T18:16:40.825Z,2026-09-01T18:16:40.825Z
2026-09-02T00:00:00+05:30,02-09-2026 00:00:00,195,Moderately Polluted,PM10,"Wazirpur, Delhi - DPCC",100,44,20,100,mirror,0,2026-09-01T19:17:45.329Z,2026-09-01T19:56:53.022Z
2026-09-02T01:00:00+05:30,02-09-2026 01:00:00,191,Moderately Polluted,PM10,"Wazirpur, Delhi - DPCC",98,44,21,100,mirror,1,2026-09-01T20:16:44.076Z,2026-09-01T20:59:58.261Z
2026-09-02T02:00:00+05:30,02-09-2026 02:00:00,188,Moderately Polluted,PM10,"Wazirpur, Delhi - DPCC",95,44,20,100,mirror,0,2026-09-01T21:16:43.028Z,2026-09-01T21:58:02.486Z
2026-09-02T03:00:00+05:30,02-09-2026 03:00:00,187,Moderately Polluted,PM10,"Wazirpur, Delhi - DPCC",93,44,18,100,mirror,0,2026-09-01T22:18:42.586Z,2026-09-01T22:57:11.152Z
2026-09-02T04:00:00+05:30,02-09-2026 04:00:00,186,Moderately Polluted,PM10,"Wazirpur, Delhi - DPCC",92,44,16,100,mirror,0,2026-09-01T23:16:41.912Z,2026-09-01T23:56:56.030Z
2026-09-02T05:00:00+05:30,02-09-2026 05:00:00,186,Moderately Polluted,PM10,"Wazirpur, Delhi - DPCC",91,44,16,100,mirror,1,2026-09-02T00:16:37.453Z,2026-09-02T03:16:40.534Z
2026-09-02T09:00:00+05:30,02-09-2026 09:00:00,180,Moderately Polluted,PM10,"Wazirpur, Delhi - DPCC",93,44,15,100,mirror,0,2026-09-02T03:59:40.025Z,2026-09-02T03:59:40.025Z
2026-09-02T10:00:00+05:30,02-09-2026 10:00:00,169,Moderately Polluted,PM10,"Wazirpur, Delhi - DPCC",93,44,16,100,mirror,0,2026-09-02T05:16:42.338Z,2026-09-02T05:16:42.338Z
2026-09-02T11:00:00+05:30,02-09-2026 11:00:00,159,Moderately Polluted,PM10,"Wazirpur, Delhi - DPCC",92,44,14,100,mirror,0,2026-09-02T06:16:43.226Z,2026-09-02T06:16:43.226Z
2026-09-02T12:00:00+05:30,02-09-2026 12:00:00,156,Moderately Polluted,PM10,"Wazirpur, Delhi - DPCC",90,44,13,100,mirror,0,2026-09-02T07:16:44.520Z,2026-09-02T07:16:44.520Z
2026-09-02T13:00:00+05:30,02-09-2026 13:00:00,154,Moderately Polluted,PM10,"Wazirpur, Delhi - DPCC",85,44,11,100,mirror,0,2026-09-02T08:00:25.370Z,2026-09-02T08:00:25.370Z
2026-09-02T14:00:00+05:30,02-09-2026 14:00:00,153,Moderately Polluted,PM10,"Wazirpur, Delhi - DPCC",87,44,11,100,mirror,0,2026-09-02T09:16:41.237Z,2026-09-02T09:16:41.237Z
2026-09-02T15:00:00+05:30,02-09-2026 15:00:00,151,Moderately Polluted,PM10,"Wazirpur, Delhi - DPCC",86,44,9,100,mirror,0,2026-09-02T10:16:45.092Z,2026-09-02T10:16:45.092Z
2026-09-02T16:00:00+05:30,02-09-2026 16:00:00,150,Moderately Polluted,PM10,"Wazirpur, Delhi - DPCC",84,44,7,100,mirror,0,2026-09-02T11:17:22.908Z,2026-09-02T11:17:22.908Z
2026-09-02T17:00:00+05:30,02-09-2026 17:00:00,148,Moderately Polluted,PM10,"Wazirpur, Delhi - DPCC",82,44,7,100,mirror,0,2026-09-02T12:17:18.089Z,2026-09-02T12:17:18.089Z
2026-09-02T18:00:00+05:30,02-09-2026 18:00:00,146,Moderately Polluted,PM10,"Wazirpur, Delhi - DPCC",79,44,5,100,mirror,1,2026-09-02T13:02:05.942Z,2026-09-02T13:59:26.470Z
2026-09-02T19:00:00+05:30,02-09-2026 19:00:00,143,Moderately Polluted,PM10,"Wazirpur, Delhi - DPCC",75,44,5,100,mirror,0,2026-09-02T14:17:29.017Z,2026-09-02T14:17:29.017Z
2026-09-02T20:00:00+05:30,02-09-2026 20:00:00,140,Moderately Polluted,PM10,"Wazirpur, Delhi - DPCC",74,44,5,100,mirror,0,2026-09-02T15:02:10.673Z,2026-09-02T15:02:10.673Z
2026-09-02T21:00:00+05:30,02-09-2026 21:00:00,137,Moderately Polluted,PM10,"Wazirpur, Delhi - DPCC",76,43,6,100,mirror,1,2026-09-02T16:16:46.470Z,2026-09-02T16:59:48.623Z
2026-09-02T22:00:00+05:30,02-09-2026 22:00:00,134,Moderately Polluted,PM10,"Wazirpur, Delhi - DPCC",76,43,7,100,mirror,0,2026-09-02T17:19:08.245Z,2026-09-02T17:57:57.522Z
2026-09-02T23:00:00+05:30,02-09-2026 23:00:00,133,Moderately Polluted,PM10,"Wazirpur, Delhi - DPCC",76,43,6,100,mirror,0,2026-09-02T18:17:28.676Z,2026-09-02T18:17:28.676Z
2026-09-03T00:00:00+05:30,03-09-2026 00:00:00,131,Moderately Polluted,PM10,"Wazirpur, Delhi - DPCC",75,43,4,100,mirror,0,2026-09-02T19:16:44.503Z,2026-09-02T19:57:11.881Z
2026-09-03T01:00:00+05:30,03-09-2026 01:00:00,130,Moderately Polluted,PM10,"Wazirpur, Delhi - DPCC",75,43,5,100,mirror,0,2026-09-02T20:17:53.135Z,2026-09-02T20:17:53.135Z
2026-09-03T02:00:00+05:30,03-09-2026 02:00:00,129,Moderately Polluted,PM10,"Aya Nagar, Delhi - IITM",75,43,5,100,mirror,0,2026-09-02T21:16:45.250Z,2026-09-02T21:59:06.782Z
2026-09-03T03:00:00+05:30,03-09-2026 03:00:00,149,Moderately Polluted,PM10,"Aya Nagar, Delhi - IITM",74,43,4,100,mirror,0,2026-09-02T22:18:19.245Z,2026-09-02T22:18:19.245Z
2026-09-03T04:00:00+05:30,03-09-2026 04:00:00,166,Moderately Polluted,PM10,"Aya Nagar, Delhi - IITM",74,43,4,100,mirror,0,2026-09-02T23:17:13.024Z,2026-09-02T23:57:10.256Z
2026-09-03T05:00:00+05:30,03-09-2026 05:00:00,174,Moderately Polluted,PM10,"Aya Nagar, Delhi - IITM",72,43,3,100,mirror,1,2026-09-03T00:18:50.053Z,2026-09-03T03:02:12.789Z
2026-09-03T09:00:00+05:30,03-09-2026 09:00:00,202,Poor,PM10,"Aya Nagar, Delhi - IITM",73,43,5,100,mirror,1,2026-09-03T03:46:44.803Z,2026-09-03T04:33:28.545Z
2026-09-03T10:00:00+05:30,03-09-2026 10:00:00,199,Moderately Polluted,PM10,"Aya Nagar, Delhi - IITM",73,43,6,100,mirror,0,2026-09-03T05:02:31.906Z,2026-09-03T05:02:31.906Z
2026-09-03T11:00:00+05:30,03-09-2026 11:00:00,199,Moderately Polluted,PM10,"Aya Nagar, Delhi - IITM",74,43,5,100,mirror,0,2026-09-03T06:16:53.014Z,2026-09-03T06:16:53.014Z
2026-09-03T12:00:00+05:30,03-09-2026 12:00:00,199,Moderately Polluted,PM10,"Aya Nagar, Delhi - IITM",71,43,3,100,mirror,1,2026-09-03T07:16:49.935Z,2026-09-03T07:58:53.872Z
2026-09-03T13:00:00+05:30,03-09-2026 13:00:00,199,Moderately Polluted,PM10,"Aya Nagar, Delhi - IITM",72,43,3,100,mirror,0,2026-09-03T08:16:40.862Z,2026-09-03T08:16:40.862Z
2026-09-03T14:00:00+05:30,03-09-2026 14:00:00,199,Moderately Polluted,PM10,"Aya Nagar, Delhi - IITM",72,43,3,100,mirror,0,2026-09-03T09:16:40.030Z,2026-09-03T09:16:40.030Z
2026-09-03T15:00:00+05:30,03-09-2026 15:00:00,201,Poor,PM10,"Aya Nagar, Delhi - IITM",72,43,3,100,mirror,0,2026-09-03T10:17:42.300Z,2026-09-03T10:17:42.300Z
2026-09-03T16:00:00+05:30,03-09-2026 16:00:00,204,Poor,PM10,"Aya Nagar, Delhi - IITM",73,43,3,100,mirror,1,2026-09-03T11:17:23.233Z,2026-09-03T11:59:02.016Z
2026-09-03T17:00:00+05:30,03-09-2026 17:00:00,204,Poor,PM10,"Aya Nagar, Delhi - IITM",73,44,3,100,mirror,0,2026-09-03T12:16:45.231Z,2026-09-03T12:16:45.231Z
2026-09-03T18:00:00+05:30,03-09-2026 18:00:00,203,Poor,PM10,"Aya Nagar, Delhi - IITM",74,44,6,100,mirror,0,2026-09-03T13:16:49.666Z,2026-09-03T13:59:07.317Z
2026-09-03T19:00:00+05:30,03-09-2026 19:00:00,202,Poor,PM10,"Aya Nagar, Delhi - IITM",74,44,6,100,mirror,0,2026-09-03T14:17:40.581Z,2026-09-03T14:17:40.581Z
2026-09-03T20:00:00+05:30,03-09-2026 20:00:00,197,Moderately Polluted,PM10,"Aya Nagar, Delhi - IITM",76,44,7,100,mirror,0,2026-09-03T15:17:12.063Z,2026-09-03T15:58:23.493Z
2026-09-03T21:00:00+05:30,03-09-2026 21:00:00,181,Moderately Polluted,PM10,"Aya Nagar, Delhi - IITM",75,44,6,100,mirror,1,2026-09-03T16:16:44.858Z,2026-09-03T16:59:03.126Z
2026-09-03T22:00:00+05:30,03-09-2026 22:00:00,166,Moderately Polluted,PM10,"Aya Nagar, Delhi - IITM",76,44,6,100,mirror,0,2026-09-03T17:16:43.431Z,2026-09-03T17:16:43.431Z
2026-09-03T23:00:00+05:30,03-09-2026 23:00:00,161,Moderately Polluted,PM10,"Aya Nagar, Delhi - IITM",77,44,7,100,mirror,0,2026-09-03T18:01:04.468Z,2026-09-03T18:01:04.468Z
2026-09-04T00:00:00+05:30,04-09-2026 00:00:00,156,Moderately Polluted,PM10,"Aya Nagar, Delhi - IITM",77,44,8,100,mirror,0,2026-09-03T19:00:47.134Z,2026-09-03T19:57:32.471Z
2026-09-04T01:00:00+05:30,04-09-2026 01:00:00,140,Moderately Polluted,PM10,"Aya Nagar, Delhi - IITM",78,43,8,100,mirror,0,2026-09-03T20:17:34.345Z,2026-09-03T20:58:21.761Z
2026-09-04T02:00:00+05:30,04-09-2026 02:00:00,140,Moderately Polluted,PM10,"Wazirpur, Delhi - DPCC",78,43,8,100,mirror,0,2026-09-03T21:17:32.866Z,2026-09-03T21:57:17.221Z
2026-09-04T03:00:00+05:30,04-09-2026 03:00:00,138,Moderately Polluted,PM10,"Wazirpur, Delhi - DPCC",78,43,8,100,mirror,0,2026-09-03T22:19:54.337Z,2026-09-03T22:19:54.337Z
2026-09-04T04:00:00+05:30,04-09-2026 04:00:00,138,Moderately Polluted,PM10,"Wazirpur, Delhi - DPCC",77,43,7,100,mirror,0,2026-09-03T23:17:16.829Z,2026-09-03T23:17:16.829Z
2026-09-04T05:00:00+05:30,04-09-2026 05:00:00,137,Moderately Polluted,PM10,"Wazirpur, Delhi - DPCC",77,43,8,100,mirror,2,2026-09-04T00:21:09.446Z,2026-09-04T03:24:34.777Z
2026-09-04T08:00:00+05:30,04-09-2026 08:00:00,137,Moderately Polluted,PM10,"Wazirpur, Delhi - DPCC",74,43,6,100,mirror,0,2026-09-04T03:36:24.099Z,2026-09-04T03:36:24.099Z
2026-09-04T09:00:00+05:30,04-09-2026 09:00:00,137,Moderately Polluted,PM10,"Wazirpur, Delhi - DPCC",73,43,6,100,mirror,0,2026-09-04T03:43:46.368Z,2026-09-04T03:43:46.368Z
2026-09-04T10:00:00+05:30,04-09-2026 10:00:00,138,Moderately Polluted,PM10,"Wazirpur, Delhi - DPCC",72,43,6,100,mirror,0,2026-09-04T05:23:37.037Z,2026-09-04T05:23:37.037Z
2026-09-04T11:00:00+05:30,04-09-2026 11:00:00,138,Moderately Polluted,PM10,"Wazirpur, Delhi - DPCC",71,43,6,100,mirror,0,2026-09-04T06:02:43.059Z,2026-09-04T06:02:43.059Z
2026-09-04T12:00:00+05:30,04-09-2026 12:00:00,139,Moderately Polluted,PM10,"Wazirpur, Delhi - DPCC",71,44,7,100,mirror,0,2026-09-04T07:23:36.461Z,2026-09-04T07:23:36.461Z
2026-09-04T13:00:00+05:30,04-09-2026 13:00:00,150,Moderately Polluted,PM10,"Wazirpur, Delhi - DPCC",70,43,5,100,mirror,0,2026-09-04T08:07:28.153Z,2026-09-04T08:07:28.153Z
2026-09-04T14:00:00+05:30,04-09-2026 14:00:00,151,Moderately Polluted,PM10,"Wazirpur, Delhi - DPCC",70,43,5,100,mirror,0,2026-09-04T09:04:43.967Z,2026-09-04T09:04:43.967Z
2026-09-04T15:00:00+05:30,04-09-2026 15:00:00,151,Moderately Polluted,PM10,"Wazirpur, Delhi - DPCC",70,43,5,100,mirror,0,2026-09-04T10:37:56.982Z,2026-09-04T10:37:56.982Z
2026-09-04T16:00:00+05:30,04-09-2026 16:00:00,147,Moderately Polluted,PM10,"Wazirpur, Delhi - DPCC",70,43,5,100,mirror,0,2026-09-04T11:21:02.330Z,2026-09-04T11:21:02.330Z
2026-09-04T17:00:00+05:30,04-09-2026 17:00:00,142,Moderately Polluted,PM10,"Wazirpur, Delhi - DPCC",70,43,5,100,mirror,0,2026-09-04T12:01:09.064Z,2026-09-04T12:01:09.064Z
2026-09-04T18:00:00+05:30,04-09-2026 18:00:00,137,Moderately Polluted,PM10,"Wazirpur, Delhi - DPCC",70,44,6,100,mirror,0,2026-09-04T13:16:49.856Z,2026-09-04T13:16:49.856Z
2026-09-04T19:00:00+05:30,04-09-2026 19:00:00,132,Moderately Polluted,PM10,"Wazirpur, Delhi - DPCC",69,44,6,100,mirror,0,2026-09-04T14:16:48.046Z,2026-09-04T14:16:48.046Z
2026-09-04T20:00:00+05:30,04-09-2026 20:00:00,127,Moderately Polluted,PM10,"Wazirpur, Delhi - DPCC",68,44,4,100,mirror,0,2026-09-04T15:00:56.940Z,2026-09-04T15:00:56.940Z
2026-09-04T21:00:00+05:30,04-09-2026 21:00:00,122,Moderately Polluted,PM10,"Wazirpur, Delhi - DPCC",67,44,3,100,mirror,0,2026-09-04T16:17:23.070Z,2026-09-04T16:17:23.070Z
2026-09-04T22:00:00+05:30,04-09-2026 22:00:00,118,Moderately Polluted,PM10,"Wazirpur, Delhi - DPCC",66,44,3,100,mirror,2,2026-09-04T17:18:42.409Z,2026-09-04T20:57:48.970Z
2026-09-05T05:00:00+05:30,05-09-2026 05:00:00,96,Satisfactory,PM10,"Wazirpur, Delhi - DPCC",58,43,0,100,mirror,2,2026-09-05T00:16:43.558Z,2026-09-05T02:58:48.073Z
2026-09-05T19:00:00+05:30,05-09-2026 19:00:00,109,Moderately Polluted,NO2,"North Campus, DU, Delhi - IITM",59,43,1,100,mirror,0,2026-09-05T14:48:42.550Z,2026-09-05T14:48:42.550Z
2026-09-05T20:00:00+05:30,05-09-2026 20:00:00,107,Moderately Polluted,NO2,"North Campus, DU, Delhi - IITM",60,43,2,100,mirror,0,2026-09-05T15:02:11.327Z,2026-09-05T15:02:11.327Z
2026-09-05T21:00:00+05:30,05-09-2026 21:00:00,114,Moderately Polluted,CO,"Jawaharlal Nehru Stadium, Delhi - DPCC",61,44,2,100,mirror,0,2026-09-05T16:02:21.427Z,2026-09-05T16:02:21.427Z
2026-09-05T22:00:00+05:30,05-09-2026 22:00:00,122,Moderately Polluted,CO,"Jawaharlal Nehru Stadium, Delhi - DPCC",61,44,3,100,mirror,0,2026-09-05T17:41:09.364Z,2026-09-05T17:41:09.364Z
2026-09-06T04:00:00+05:30,06-09-2026 04:00:00,161,Moderately Polluted,OZONE,"NSIT Dwarka, Delhi - CPCB",64,44,2,100,mirror,0,2026-09-05T23:34:10.741Z,2026-09-05T23:34:10.741Z
2026-09-06T05:00:00+05:30,06-09-2026 05:00:00,149,Moderately Polluted,OZONE,"NSIT Dwarka, Delhi - CPCB",62,44,2,100,mirror,1,2026-09-06T00:46:44.883Z,2026-09-06T03:43:28.095Z
2026-09-06T09:00:00+05:30,06-09-2026 09:00:00,107,Moderately Polluted,NO2,"North Campus, DU, Delhi - IITM",57,44,2,100,mirror,0,2026-09-06T04:43:36.144Z,2026-09-06T04:43:36.144Z
2026-09-06T10:00:00+05:30,06-09-2026 10:00:00,107,Moderately Polluted,NO2,"North Campus, DU, Delhi - IITM",57,44,1,100,mirror,0,2026-09-06T05:42:12.362Z,2026-09-06T05:42:12.362Z
2026-09-06T11:00:00+05:30,06-09-2026 11:00:00,107,Moderately Polluted,NO2,"North Campus, DU, Delhi - IITM",57,44,1,100,mirror,0,2026-09-06T06:46:46.289Z,2026-09-06T06:46:46.289Z
2026-09-06T12:00:00+05:30,06-09-2026 12:00:00,104,Moderately Polluted,NO2,"North Campus, DU, Delhi - IITM",57,44,1,100,mirror,0,2026-09-06T07:43:13.928Z,2026-09-06T07:43:13.928Z
2026-09-06T13:00:00+05:30,06-09-2026 13:00:00,99,Satisfactory,NO2,"North Campus, DU, Delhi - IITM",56,44,0,100,mirror,0,2026-09-06T08:44:00.234Z,2026-09-06T08:44:00.234Z
2026-09-06T14:00:00+05:30,06-09-2026 14:00:00,97,Satisfactory,NO2,"North Campus, DU, Delhi - IITM",55,44,0,100,mirror,0,2026-09-06T09:42:43.980Z,2026-09-06T09:42:43.980Z
2026-09-06T15:00:00+05:30,06-09-2026 15:00:00,94,Satisfactory,NO2,"North Campus, DU, Delhi - IITM",55,44,0,100,mirror,0,2026-09-06T10:42:19.825Z,2026-09-06T10:42:19.825Z
2026-09-06T16:00:00+05:30,06-09-2026 16:00:00,93,Satisfactory,NO2,"North Campus, DU, Delhi - IITM",55,44,0,100,mirror,0,2026-09-06T11:41:54.008Z,2026-09-06T11:41:54.008Z
2026-09-06T17:00:00+05:30,06-09-2026 17:00:00,93,Satisfactory,NO2,"North Campus, DU, Delhi - IITM",54,44,0,100,mirror,0,2026-09-06T12:46:43.455Z,2026-09-06T12:46:43.455Z
2026-09-06T18:00:00+05:30,06-09-2026 18:00:00,91,Satisfactory,NO2,"North Campus, DU, Delhi - IITM",53,44,0,100,mirror,0,2026-09-06T13:42:07.561Z,2026-09-06T13:42:07.561Z
2026-09-06T19:00:00+05:30,06-09-2026 19:00:00,90,Satisfactory,NO2,"North Campus, DU, Delhi - IITM",53,44,0,100,mirror,0,2026-09-06T14:42:27.793Z,2026-09-06T14:42:27.793Z
2026-09-06T20:00:00+05:30,06-09-2026 20:00:00,91,Satisfactory,NO2,"North Campus, DU, Delhi - IITM",54,44,0,100,mirror,0,2026-09-06T15:42:32.806Z,2026-09-06T15:42:32.806Z
2026-09-06T21:00:00+05:30,06-09-2026 21:00:00,93,Satisfactory,NO2,"North Campus, DU, Delhi - IITM",56,44,0,100,mirror,0,2026-09-06T16:42:37.198Z,2026-09-06T16:42:37.198Z
2026-09-06T22:00:00+05:30,06-09-2026 22:00:00,95,Satisfactory,CO,"Chandni Chowk, Delhi - IITM",59,44,0,100,mirror,0,2026-09-06T17:41:12.250Z,2026-09-06T17:41:12.250Z
2026-09-07T04:00:00+05:30,07-09-2026 04:00:00,118,Moderately Polluted,CO,"Sonia Vihar, Delhi - DPCC",82,44,6,100,mirror,0,2026-09-06T23:34:13.099Z,2026-09-06T23:34:13.099Z
2026-09-07T05:00:00+05:30,07-09-2026 05:00:00,120,Moderately Polluted,CO,"Sonia Vihar, Delhi - DPCC",83,44,9,100,mirror,0,2026-09-07T00:47:23.188Z,2026-09-07T00:47:23.188Z
2026-09-07T09:00:00+05:30,07-09-2026 09:00:00,120,Moderately Polluted,PM10,"Anand Vihar, Delhi - DPCC",82,44,11,100,mirror,0,2026-09-07T03:45:51.543Z,2026-09-07T03:45:51.543Z
2026-09-07T10:00:00+05:30,07-09-2026 10:00:00,122,Moderately Polluted,PM10,"Anand Vihar, Delhi - DPCC",80,44,9,100,mirror,0,2026-09-07T05:44:52.002Z,2026-09-07T05:44:52.002Z
2026-09-07T11:00:00+05:30,07-09-2026 11:00:00,124,Moderately Polluted,PM10,"Anand Vihar, Delhi - DPCC",80,43,6,100,mirror,0,2026-09-07T06:46:45.131Z,2026-09-07T06:46:45.131Z
2026-09-07T12:00:00+05:30,07-09-2026 12:00:00,126,Moderately Polluted,PM10,"Anand Vihar, Delhi - DPCC",79,43,5,100,mirror,0,2026-09-07T07:46:46.837Z,2026-09-07T07:46:46.837Z
2026-09-07T13:00:00+05:30,07-09-2026 13:00:00,134,Moderately Polluted,OZONE,"Pusa, Delhi - IITM",80,44,7,100,mirror,0,2026-09-07T08:46:49.517Z,2026-09-07T08:46:49.517Z
2026-09-07T14:00:00+05:30,07-09-2026 14:00:00,137,Moderately Polluted,PM10,"Anand Vihar, Delhi - DPCC",82,44,9,100,mirror,0,2026-09-07T09:46:36.343Z,2026-09-07T09:46:36.343Z
2026-09-07T15:00:00+05:30,07-09-2026 15:00:00,142,Moderately Polluted,PM10,"Anand Vihar, Delhi - DPCC",84,44,11,100,mirror,0,2026-09-07T10:45:04.075Z,2026-09-07T10:45:04.075Z
2026-09-07T16:00:00+05:30,07-09-2026 16:00:00,147,Moderately Polluted,PM10,"Anand Vihar, Delhi - DPCC",86,44,15,100,mirror,0,2026-09-07T11:45:03.316Z,2026-09-07T11:45:03.316Z
2026-09-07T17:00:00+05:30,07-09-2026 17:00:00,153,Moderately Polluted,PM10,"Anand Vihar, Delhi - DPCC",89,44,17,100,mirror,0,2026-09-07T12:46:48.200Z,2026-09-07T12:46:48.200Z
2026-09-07T18:00:00+05:30,07-09-2026 18:00:00,157,Moderately Polluted,PM10,"Anand Vihar, Delhi - DPCC",93,44,20,100,mirror,0,2026-09-07T13:46:19.509Z,2026-09-07T13:46:19.509Z
2026-09-07T19:00:00+05:30,07-09-2026 19:00:00,161,Moderately Polluted,PM10,"Anand Vihar, Delhi - DPCC",95,44,19,100,mirror,0,2026-09-07T14:45:54.914Z,2026-09-07T14:45:54.914Z
2026-09-07T20:00:00+05:30,07-09-2026 20:00:00,164,Moderately Polluted,PM10,"Anand Vihar, Delhi - DPCC",96,44,22,100,mirror,0,2026-09-07T15:44:53.609Z,2026-09-07T15:44:53.609Z
2026-09-07T21:00:00+05:30,07-09-2026 21:00:00,164,Moderately Polluted,PM10,"Anand Vihar, Delhi - DPCC",99,44,19,100,mirror,0,2026-09-07T16:44:45.276Z,2026-09-07T16:44:45.276Z
2026-09-07T22:00:00+05:30,07-09-2026 22:00:00,178,Moderately Polluted,PM10,"Dwarka-Sector 8, Delhi - DPCC",102,44,20,100,mirror,0,2026-09-07T17:44:11.615Z,2026-09-07T17:44:11.615Z
2026-09-08T04:00:00+05:30,08-09-2026 04:00:00,189,Moderately Polluted,PM10,"Wazirpur, Delhi - DPCC",110,44,24,100,mirror,0,2026-09-07T23:31:59.015Z,2026-09-07T23:31:59.015Z
2026-09-08T05:00:00+05:30,08-09-2026 05:00:00,188,Moderately Polluted,PM10,"Wazirpur, Delhi - DPCC",110,44,25,100,mirror,0,2026-09-08T00:46:44.944Z,2026-09-08T00:46:44.944Z
2026-09-08T09:00:00+05:30,08-09-2026 09:00:00,190,Moderately Polluted,PM10,"Wazirpur, Delhi - DPCC",108,44,25,100,mirror,0,2026-09-08T03:45:29.027Z,2026-09-08T03:45:29.027Z
2026-09-08T10:00:00+05:30,08-09-2026 10:00:00,190,Moderately Polluted,PM10,"Wazirpur, Delhi - DPCC",109,44,25,100,mirror,0,2026-09-08T05:45:18.772Z,2026-09-08T05:45:18.772Z
2026-09-08T11:00:00+05:30,08-09-2026 11:00:00,194,Moderately Polluted,PM10,"Wazirpur, Delhi - DPCC",109,44,25,100,mirror,0,2026-09-08T06:46:42.274Z,2026-09-08T06:46:42.274Z
2026-09-08T12:00:00+05:30,08-09-2026 12:00:00,196,Moderately Polluted,PM10,"Wazirpur, Delhi - DPCC",108,45,25,100,mirror,0,2026-09-08T07:46:34.736Z,2026-09-08T07:46:34.736Z
2026-09-08T13:00:00+05:30,08-09-2026 13:00:00,198,Moderately Polluted,PM10,"Wazirpur, Delhi - DPCC",108,45,25,100,mirror,0,2026-09-08T08:46:45.683Z,2026-09-08T08:46:45.683Z
2026-09-08T14:00:00+05:30,08-09-2026 14:00:00,199,Moderately Polluted,PM10,"Wazirpur, Delhi - DPCC",109,45,25,100,mirror,0,2026-09-08T09:46:28.149Z,2026-09-08T09:46:28.149Z
2026-09-08T15:00:00+05:30,08-09-2026 15:00:00,200,Moderately Polluted,PM10,"Wazirpur, Delhi - DPCC",110,45,25,100,mirror,0,2026-09-08T10:46:04.975Z,2026-09-08T10:46:04.975Z
2026-09-08T16:00:00+05:30,08-09-2026 16:00:00,203,Poor,PM10,"Wazirpur, Delhi - DPCC",111,45,27,100,mirror,0,2026-09-08T11:44:26.309Z,2026-09-08T11:44:26.309Z
2026-09-08T17:00:00+05:30,08-09-2026 17:00:00,206,Poor,PM10,"Wazirpur, Delhi - DPCC",111,45,26,100,mirror,0,2026-09-08T12:46:49.571Z,2026-09-08T12:46:49.571Z
2026-09-08T18:00:00+05:30,08-09-2026 18:00:00,206,Poor,PM10,"Wazirpur, Delhi - DPCC",112,45,27,100,mirror,0,2026-09-08T13:46:46.788Z,2026-09-08T13:46:46.788Z
2026-09-08T19:00:00+05:30,08-09-2026 19:00:00,208,Poor,PM10,"Wazirpur, Delhi - DPCC",113,45,28,100,mirror,0,2026-09-08T14:46:49.802Z,2026-09-08T14:46:49.802Z
2026-09-08T20:00:00+05:30,08-09-2026 20:00:00,211,Poor,PM2.5,"Bawana, Delhi - DPCC",114,45,28,100,mirror,0,2026-09-08T15:46:52.115Z,2026-09-08T15:46:52.115Z
2026-09-08T21:00:00+05:30,08-09-2026 21:00:00,213,Poor,PM10,"Wazirpur, Delhi - DPCC",114,45,28,100,mirror,0,2026-09-08T16:46:22.331Z,2026-09-08T16:46:22.331Z
2026-09-08T22:00:00+05:30,08-09-2026 22:00:00,210,Poor,PM2.5,"Bawana, Delhi - DPCC",112,45,28,100,mirror,0,2026-09-08T17:43:54.099Z,2026-09-08T17:43:54.099Z
2026-09-09T04:00:00+05:30,09-09-2026 04:00:00,216,Poor,PM2.5,"Bawana, Delhi - DPCC",121,45,35,100,mirror,0,2026-09-08T23:32:37.498Z,2026-09-08T23:32:37.498Z
2026-09-09T05:00:00+05:30,09-09-2026 05:00:00,218,Poor,PM2.5,"Bawana, Delhi - DPCC",123,45,36,100,mirror,0,2026-09-09T00:47:01.582Z,2026-09-09T02:45:25.184Z
2026-09-09T09:00:00+05:30,09-09-2026 09:00:00,214,Poor,PM2.5,"Bawana, Delhi - DPCC",123,45,37,100,mirror,0,2026-09-09T03:45:38.693Z,2026-09-09T03:45:38.693Z
2026-09-09T10:00:00+05:30,09-09-2026 10:00:00,214,Poor,PM2.5,"Bawana, Delhi - DPCC",124,45,37,100,mirror,0,2026-09-09T05:44:45.830Z,2026-09-09T05:44:45.830Z
2026-09-09T11:00:00+05:30,09-09-2026 11:00:00,219,Poor,PM2.5,"Bawana, Delhi - DPCC",125,45,37,100,mirror,0,2026-09-09T06:46:48.071Z,2026-09-09T06:46:48.071Z
2026-09-09T12:00:00+05:30,09-09-2026 12:00:00,225,Poor,PM2.5,"Bawana, Delhi - DPCC",125,45,37,100,mirror,0,2026-09-09T07:46:07.995Z,2026-09-09T07:46:07.995Z
2026-09-09T13:00:00+05:30,09-09-2026 13:00:00,229,Poor,PM2.5,"Bawana, Delhi - DPCC",126,45,37,100,mirror,0,2026-09-09T08:45:45.850Z,2026-09-09T08:45:45.850Z
2026-09-09T14:00:00+05:30,09-09-2026 14:00:00,229,Poor,PM2.5,"Bawana, Delhi - DPCC",126,45,37,100,mirror,0,2026-09-09T09:46:13.374Z,2026-09-09T09:46:13.374Z
2026-09-09T15:00:00+05:30,09-09-2026 15:00:00,229,Poor,PM2.5,"Bawana, Delhi - DPCC",126,45,37,100,mirror,1,2026-09-09T10:46:05.163Z,2026-09-09T11:44:55.631Z
2026-09-09T18:00:00+05:30,09-09-2026 18:00:00,228,Poor,PM2.5,"Bawana, Delhi - DPCC",126,45,38,100,mirror,0,2026-09-09T13:46:54.336Z,2026-09-09T13:46:54.336Z
2026-09-09T19:00:00+05:30,09-09-2026 19:00:00,225,Poor,PM2.5,"Bawana, Delhi - DPCC",123,45,36,100,mirror,0,2026-09-09T14:46:53.410Z,2026-09-09T14:46:53.410Z
2026-09-09T20:00:00+05:30,09-09-2026 20:00:00,222,Poor,PM2.5,"Bawana, Delhi - DPCC",123,45,36,100,mirror,0,2026-09-09T15:46:56.246Z,2026-09-09T15:46:56.246Z
2026-09-09T21:00:00+05:30,09-09-2026 21:00:00,226,Poor,PM2.5,"Bawana, Delhi - DPCC",123,45,35,100,mirror,0,2026-09-09T16:46:51.952Z,2026-09-09T16:46:51.952Z
