observed,observed_source,station,aqi,band,governing_pollutant,aqi_limit,above_limit
2026-10-01T05:00:00+05:30,01-10-2026 05:00:00,"IIT Delhi, Delhi - IITM",242,Poor,PM10,100,1
2026-10-01T05:00:00+05:30,01-10-2026 05:00:00,"Pusa, Delhi - DPCC",215,Poor,PM10,100,1
2026-10-01T05:00:00+05:30,01-10-2026 05:00:00,"Jahangirpuri, Delhi - DPCC",203,Poor,PM10,100,1
2026-10-01T05:00:00+05:30,01-10-2026 05:00:00,"Dwarka-Sector 8, Delhi - DPCC",197,Moderately Polluted,PM10,100,1
2026-10-01T05:00:00+05:30,01-10-2026 05:00:00,"CRRI Mathura Road, Delhi - IITM",194,Moderately Polluted,PM10,100,1
2026-10-01T05:00:00+05:30,01-10-2026 05:00:00,"Bawana, Delhi - DPCC",190,Moderately Polluted,PM2.5,100,1
2026-10-01T05:00:00+05:30,01-10-2026 05:00:00,"R K Puram, Delhi - DPCC",186,Moderately Polluted,PM10,100,1
2026-10-01T05:00:00+05:30,01-10-2026 05:00:00,"Narela, Delhi - DPCC",186,Moderately Polluted,PM10,100,1
2026-10-01T05:00:00+05:30,01-10-2026 05:00:00,"Mundka, Delhi - DPCC",178,Moderately Polluted,PM10,100,1
2026-10-01T05:00:00+05:30,01-10-2026 05:00:00,"Okhla Phase-2, Delhi - DPCC",174,Moderately Polluted,PM10,100,1
2026-10-01T05:00:00+05:30,01-10-2026 05:00:00,"IHBAS, Dilshad Garden, Delhi - CPCB",173,Moderately Polluted,PM2.5,100,1
2026-10-01T05:00:00+05:30,01-10-2026 05:00:00,"Jawaharlal Nehru Stadium, Delhi - DPCC",171,Moderately Polluted,PM10,100,1
2026-10-01T05:00:00+05:30,01-10-2026 05:00:00,"Punjabi Bagh, Delhi - DPCC",170,Moderately Polluted,PM10,100,1
2026-10-01T05:00:00+05:30,01-10-2026 05:00:00,"Sirifort, Delhi - CPCB",168,Moderately Polluted,PM10,100,1
2026-10-01T05:00:00+05:30,01-10-2026 05:00:00,"North Campus, DU, Delhi - IITM",168,Moderately Polluted,PM10,100,1
2026-10-01T05:00:00+05:30,01-10-2026 05:00:00,"Chandni Chowk, Delhi - IITM",167,Moderately Polluted,PM10,100,1
2026-10-01T05:00:00+05:30,01-10-2026 05:00:00,"Wazirpur, Delhi - DPCC",167,Moderately Polluted,PM10,100,1
2026-10-01T05:00:00+05:30,01-10-2026 05:00:00,"Commonwealth Sports Complex, Delhi - DPCC",165,Moderately Polluted,PM10,100,1
2026-10-01T05:00:00+05:30,01-10-2026 05:00:00,"Rohini, Delhi - DPCC",165,Moderately Polluted,PM10,100,1
2026-10-01T05:00:00+05:30,01-10-2026 05:00:00,"Dr. Karni Singh Shooting Range, Delhi - DPCC",164,Moderately Polluted,PM10,100,1
2026-10-01T05:00:00+05:30,01-10-2026 05:00:00,"NSIT Dwarka, Delhi - CPCB",158,Moderately Polluted,PM10,100,1
2026-10-01T05:00:00+05:30,01-10-2026 05:00:00,"IMD Lodhi Road, Delhi - IITM",157,Moderately Polluted,PM10,100,1
2026-10-01T05:00:00+05:30,01-10-2026 05:00:00,"DTU, Delhi - CPCB",156,Moderately Polluted,PM2.5,100,1
2026-10-01T05:00:00+05:30,01-10-2026 05:00:00,"Vivek Vihar, Delhi - DPCC",156,Moderately Polluted,PM10,100,1
2026-10-01T05:00:00+05:30,01-10-2026 05:00:00,"Burari Crossing, Delhi - IITM",155,Moderately Polluted,PM10,100,1
2026-10-01T05:00:00+05:30,01-10-2026 05:00:00,"IGI Airport (T3), Delhi - IITM",151,Moderately Polluted,PM10,100,1
2026-10-01T05:00:00+05:30,01-10-2026 05:00:00,"Sonia Vihar, Delhi - DPCC",149,Moderately Polluted,PM10,100,1
2026-10-01T05:00:00+05:30,01-10-2026 05:00:00,"Mandir Marg, Delhi - DPCC",147,Moderately Polluted,PM10,100,1
2026-10-01T05:00:00+05:30,01-10-2026 05:00:00,"Pusa, Delhi - IITM",146,Moderately Polluted,PM10,100,1
2026-10-01T05:00:00+05:30,01-10-2026 05:00:00,"NSUT Jaffarpur, Delhi - DPCC",144,Moderately Polluted,PM10,100,1
2026-10-01T05:00:00+05:30,01-10-2026 05:00:00,"IGNOU_Maidan Garhi, Delhi - DPCC",143,Moderately Polluted,PM10,100,1
2026-10-01T05:00:00+05:30,01-10-2026 05:00:00,"Major Dhyan Chand National Stadium, Delhi - DPCC",139,Moderately Polluted,PM10,100,1
2026-10-01T05:00:00+05:30,01-10-2026 05:00:00,"ITO, Delhi - CPCB",137,Moderately Polluted,PM2.5,100,1
2026-10-01T05:00:00+05:30,01-10-2026 05:00:00,"Najafgarh, Delhi - DPCC",137,Moderately Polluted,PM10,100,1
2026-10-01T05:00:00+05:30,01-10-2026 05:00:00,"Sri Aurobindo Marg, Delhi - DPCC",132,Moderately Polluted,PM10,100,1
2026-10-01T05:00:00+05:30,01-10-2026 05:00:00,"Aya Nagar, Delhi - IITM",131,Moderately Polluted,PM10,100,1
2026-10-01T05:00:00+05:30,01-10-2026 05:00:00,"Talkatora Garden, Delhi - DPCC",128,Moderately Polluted,PM10,100,1
2026-10-01T05:00:00+05:30,01-10-2026 05:00:00,"Patparganj, Delhi - DPCC",127,Moderately Polluted,PM10,100,1
2026-10-01T05:00:00+05:30,01-10-2026 05:00:00,"Ashok Vihar, Delhi - DPCC",125,Moderately Polluted,PM10,100,1
2026-10-01T05:00:00+05:30,01-10-2026 05:00:00,"Shadipur, Delhi - CPCB",124,Moderately Polluted,PM10,100,1
2026-10-01T05:00:00+05:30,01-10-2026 05:00:00,"Nehru Nagar, Delhi - DPCC",123,Moderately Polluted,PM10,100,1
2026-10-01T05:00:00+05:30,01-10-2026 05:00:00,"JNU, Delhi - DPCC",119,Moderately Polluted,PM2.5,100,1
2026-10-01T05:00:00+05:30,01-10-2026 05:00:00,"Cantonment Area, Delhi - DPCC",108,Moderately Polluted,CO,100,1
2026-10-01T05:00:00+05:30,01-10-2026 05:00:00,"Anand Vihar, Delhi - DPCC",99,Satisfactory,PM2.5,100,0
